Framework ID,PDF_Title
001,ANSSI views on the Post-Quantum Cryptography transition.pdf
002,ASC-X9F-IR-01-2025-Post-Quantum-Cryptography-Financial-Readiness-Needs-Assessment-Informative-Report-Final-1.pdf
003,ENISA Report - Post-Quantum Cryptography Current state and quantum mitigation-V2.pdf
004,EN_Position.pdf
005,IBM_Quantum_Safe_Roadmap.pdf
006,MIGRATION TO POST-QUANTUM CRYPTOGRAPHY.pdf
007,POST-QUANTUM CRYPTOGRAPHY READINESS IN U.S. COMMUNITY BANKS AND FINANCIAL SMES: A CYBERSECURITY RISK ASSESSMENT FRAMEWORK.pdf
008,PQ.1-Post-Quantum-Telco-Network-Impact-Assessment-Whitepaper-Version1.0.pdf
009,Post-Quantum Cryptography (PQC) Network Instrument: Measuring PQC Adoption Rates and Identifying Migration Pathways.pdf
010,Practical Preparations for the Post-Quantum World.pdf
011,Preparing for Quantum-Safe Cryptography.pdf
012,Product Categories for Technologies That Use Post-Quantum Cryptography Standards _ CISA.pdf
013,QUANTUM COMPUTING IN FINANCE: A STRATEGIC ROADMAP FOR INVESTORS AND BANKS.pdf
014,QUANTUM READINESS INDEX.pdf
015,QUANTUM-SAFE MIGRATION HANDBOOK.pdf
016,Quantum Computing Cybersecurity Preparedness Act.pdf
017,Quantum Readiness in Cryptography: A Maturity-Based Framework for Post- Quantum Transition.pdf
018,Quantum Readiness: Unlocking the Quantum Advantage for Australian Industries.pdf
019,Quantum computing and the financial system- opportunities and risks.pdf
020,Transitioning organizations to post-quantum cryptography.pdf
021,WEF_Quantum_Readiness_Toolkit_2023.pdf
022,WEF_Transitioning to_a_Quantum_Secure_Economy_2022.pdf
023,draft-ietf-pquip-pqc-engineers-14 - Post-Quantum Cryptography for Engineers.pdf
024,itsm.40.001-migration-post-quantum-cryptography-government-canada-e.pdf
025,pdf-quantum-threat-timeline-report-2025.pdf
026,pqc-migration-nist-sp-1800-38b-preliminary-draft.pdf
027,preparing-for-quantum-safe-cryptography.pdf
028,quantum-safe-cryptography.pdf
029,tr_103619v010101p.pdf
